{"cameraMode":{"drawMode":0,"name":"Shaded","section":"Shading Mode"},"sceneLighting":true,"audioPlay":false,"sceneViewState":{"m_AlwaysRefresh":false,"showFog":true,"showSkybox":true,"showFlares":true,"showImageEffects":true,"showParticleSystems":true,"showVisualEffectGraphs":true,"m_FxEnabled":true},"in2DMode":false,"pivot":{"x":9.135982513427735,"y":1.5035438537597657,"z":2.8686695098876955},"rotation":{"x":0.2634648084640503,"y":-0.5968565344810486,"z":0.21651804447174073,"w":0.7262720465660095},"size":10.871354103088379,"orthographic":false}